municipality,coverage_status,office_or_question,detail,source_url
South Portland,official roster,City Council District 1,Carter Scott,https://www.southportland.gov/m/NewsFlash/Home/Detail/494
South Portland,official roster,City Council District 2,Ellen Clancy,https://www.southportland.gov/m/NewsFlash/Home/Detail/494
South Portland,official roster,City Council District 5,John Holman III; Elyse Tipton,https://www.southportland.gov/m/NewsFlash/Home/Detail/494
South Portland,official roster,School Board District 5,Carlton Parsons,https://www.southportland.gov/m/NewsFlash/Home/Detail/494
South Portland,official roster,School Board at-large,Wheeler Boyd-Boffa; Ishmeel Daniels; Stephanie Edwards; Eleni Richardson,https://www.southportland.gov/m/NewsFlash/Home/Detail/494
South Portland,official ballot question,Public safety bond,"$88,600,000 new fire and police stations",https://www.southportland.gov/m/NewsFlash/Home/Detail/494
Bangor,sample ballots published,Municipal ballot,See official sample ballot,https://bangormaine.gov/204/Sample-Ballots
Rockland,sample ballots published,Municipal ballot,Published Oct 5 2026,https://www.rocklandmaine.gov/m/newsflash/home/detail/259
Old Town,election notice,City Council and RSU 34 School Board,See city election materials,https://old-town.org/election
